name,url
Avis divergents,https://res.cloudinary.com/deingsmib/image/upload/v1/development/3qvvw8n3wu5p5ulniizoumwnc78u.png?_a=BACAEuEv
Balle à deux camps,https://res.cloudinary.com/deingsmib/image/upload/v1/development/phdoyrm9wrtbf4qhxooruh8e71n9.png?_a=BACAEuEv
Baitaille de chansons,https://res.cloudinary.com/deingsmib/image/upload/v1/development/55ydzhig8ul5clvplrwvhqyeig9r.png?_a=BACAEuEv
Chien-Niche,https://res.cloudinary.com/deingsmib/image/upload/v1/development/gsnukbqf0rywo2779urd7q3ccl61.png?_a=BACAEuEv
Chasse aux couleurs,https://res.cloudinary.com/deingsmib/image/upload/v1/development/cfac7lvwqg95yjlv13yecqep1kyf.png?_a=BACAEuEv
Colons de Katane - Live,https://res.cloudinary.com/deingsmib/image/upload/v1/development/p3rh60grypav8k9ducmeudiyq1n0.png?_a=BACAEuEv
ABC,https://res.cloudinary.com/deingsmib/image/upload/v1/development/oa9305205dpfja0sddlemtwytd10.png?_a=BACAEuEv
34 délivrance,https://res.cloudinary.com/deingsmib/image/upload/v1/development/u4eaqvl9ez2lljqyzlxqfmd3f7gy.png?_a=BACAEuEv
ABC STORY,https://res.cloudinary.com/deingsmib/image/upload/v1/development/r8qfkep39b24mzux4u3a4xwia23t.png?_a=BACAEuEv
Accros de la pub,https://res.cloudinary.com/deingsmib/image/upload/v1/development/aqnl79ja42yfngjlbu2mhzuc4fc8.png?_a=BACAEuEv
accroche-decroche,https://res.cloudinary.com/deingsmib/image/upload/v1/development/wben9ogedjxykcy8xdmcn0yyowgd.png?_a=BACAEuEv
Balle américaine,https://res.cloudinary.com/deingsmib/image/upload/v1/development/g3y7n6qmas9n5mj4phdnn9176oil.png?_a=BACAEuEv
Balle assise,https://res.cloudinary.com/deingsmib/image/upload/v1/development/bc57anqeksrryj6tqpiqsl07b5xd.png?_a=BACAEuEv
balle au prisonnier,https://res.cloudinary.com/deingsmib/image/upload/v1/development/qy5cih59fh8sefwtkmr0ll43h2cn.png?_a=BACAEuEv
Ah le chameau !,https://res.cloudinary.com/deingsmib/image/upload/v1/development/6ehmu88tnfvy0z52bcyeq8gophvm.png?_a=BACAEuEv
Air Terre Mer,https://res.cloudinary.com/deingsmib/image/upload/v1/development/dpm7ngvelf8vz82qlq18zfzrqoa7.png?_a=BACAEuEv
Alibi,https://res.cloudinary.com/deingsmib/image/upload/v1/development/3c9rfv317aqdcw0kd6ns6m4pt1a2.png?_a=BACAEuEv
Ange et mortel,https://res.cloudinary.com/deingsmib/image/upload/v1/development/6jjm1ir7wfmrsp3oyhn5ntrsle4o.png?_a=BACAEuEv
Assassin,https://res.cloudinary.com/deingsmib/image/upload/v1/development/pf9vct5mnqwatrp18y5y985ks93q.png?_a=BACAEuEv
Au marché,https://res.cloudinary.com/deingsmib/image/upload/v1/development/2exfltbilvi8w7ez4kccoj6hayr5.png?_a=BACAEuEv
Au suivant,https://res.cloudinary.com/deingsmib/image/upload/v1/development/6wziu9yxjjxckt3f2ep1ut6n9nlz.png?_a=BACAEuEv
Avions en papier journal,https://res.cloudinary.com/deingsmib/image/upload/v1/development/c2vfj6rmrfz0uvqly18lu8hx5an5.png?_a=BACAEuEv
Balle au vent,https://res.cloudinary.com/deingsmib/image/upload/v1/development/26cw3ne8pc2cnxlk0keyw9ply350.png?_a=BACAEuEv
Ballon chasseur,https://res.cloudinary.com/deingsmib/image/upload/v1/development/22qy8c0owtoiolfyv9lz3445p50a.png?_a=BACAEuEv
Balle crocodile,https://res.cloudinary.com/deingsmib/image/upload/v1/development/tvvgjxoodob4nup50wthdtls88ie.png?_a=BACAEuEv
Balle tueuse,https://res.cloudinary.com/deingsmib/image/upload/v1/development/abl45gc60rp9d8onpzm5e48zf2kh.png?_a=BACAEuEv
Ballon volant,https://res.cloudinary.com/deingsmib/image/upload/v1/development/x337xr51q0u0a9nbb0uydyzly8uw.png?_a=BACAEuEv
Béton macadam,https://res.cloudinary.com/deingsmib/image/upload/v1/development/t6hvw5ntqp9wlo4ymq9wt8zl08cu.png?_a=BACAEuEv
Balle brûlée,https://res.cloudinary.com/deingsmib/image/upload/v1/development/axxnzyyswy7h876l31m07kfzefwr.png?_a=BACAEuEv
Bingo musical,https://res.cloudinary.com/deingsmib/image/upload/v1/development/xjqg9cwjekbaicl9vtvd54kl5am5.png?_a=BACAEuEv
Bleu-Blanc-Rouge,https://res.cloudinary.com/deingsmib/image/upload/v1/development/9398ms95mcma5qrtjxe6puitwcqo.png?_a=BACAEuEv
Ça ne sert à rien,https://res.cloudinary.com/deingsmib/image/upload/v1/development/ovoewwj97m97ocn47nmsidgniolg.png?_a=BACAEuEv
Bob le receleur,https://res.cloudinary.com/deingsmib/image/upload/v1/development/6vikqmaum2goy2jjoth0pxvnb71g.png?_a=BACAEuEv
Boîtes de conserves,https://res.cloudinary.com/deingsmib/image/upload/v1/development/2dnnpvhalqkbvbopup2tvlro0zmh.png?_a=BACAEuEv
bouteille,https://res.cloudinary.com/deingsmib/image/upload/v1/development/3d30gwcs1nrmj5d0t6477wah8qjs.png?_a=BACAEuEv
Bombe 14,https://res.cloudinary.com/deingsmib/image/upload/v1/development/e6doyfwhhtu2s0y47dp3j0o180dk.png?_a=BACAEuEv
Caricature,https://res.cloudinary.com/deingsmib/image/upload/v1/development/7c6qkyvpa3iq8kvko5bhurp3ormw.png?_a=BACAEuEv
Carton musical,https://res.cloudinary.com/deingsmib/image/upload/v1/development/pwhit9igt4jzhwhvspggzon40xoc.png?_a=BACAEuEv
Cercle des prénoms,https://res.cloudinary.com/deingsmib/image/upload/v1/development/3cwq84hipozjola16xt8i6108qnz.png?_a=BACAEuEv
Chaises musicales,https://res.cloudinary.com/deingsmib/image/upload/v1/development/ccp1alkyft7rwubpoij1ordrld3g.png?_a=BACAEuEv
chanson de l'imaginaire !,https://res.cloudinary.com/deingsmib/image/upload/v1/development/cry8cux7he4si3sbr4et8x56ohvl.png?_a=BACAEuEv
"chameau , chamoi",https://res.cloudinary.com/deingsmib/image/upload/v1/development/urk60dv57289pfkoh2aa0f13cxgw.png?_a=BACAEuEv
Chasse à numéro,https://res.cloudinary.com/deingsmib/image/upload/v1/development/8hh5l131cwax62bfo0phuaz77csv.png?_a=BACAEuEv
Chat perché,https://res.cloudinary.com/deingsmib/image/upload/v1/development/yedosk9byxtw0yzb8lkupooe1p3u.png?_a=BACAEuEv
chichinette,https://res.cloudinary.com/deingsmib/image/upload/v1/development/s03s8vbu2sveu6t58lm1i12xv0zs.png?_a=BACAEuEv
chiffres chinois,https://res.cloudinary.com/deingsmib/image/upload/v1/development/ex70zaa6mi6y9zlhpkwymgdc4mq4.png?_a=BACAEuEv
Clin d’oeil,https://res.cloudinary.com/deingsmib/image/upload/v1/development/6soq0i00p422zmlxs3oep8y3vo4w.png?_a=BACAEuEv
Colin-maillard,https://res.cloudinary.com/deingsmib/image/upload/v1/development/66537cgafk5kdueslu7bdbau0b67.png?_a=BACAEuEv
Cône-ball,https://res.cloudinary.com/deingsmib/image/upload/v1/development/dzffq3ucqp7t6mcupvnyj4fh90uw.png?_a=BACAEuEv
Connaissances,https://res.cloudinary.com/deingsmib/image/upload/v1/development/a2b0js1sqr9ekkcrlx6n0f5th29x.png?_a=BACAEuEv
